customer_id,name,email,gender,age,city
1,Erica Waters,josephwolf@gmail.com,M,19,South Teresa
2,Anne Reyes,wsanders@gmail.com,F,33,Port Howard
3,Jessica Berry,owilliams@yoder-chen.com,M,26,West John
4,Michael Hughes,tracymiller@yahoo.com,M,52,Jenniferbury
5,Jennifer Chavez,lisawalsh@gmail.com,M,55,Burtonburgh
6,Nancy Adams,davidwilliams@yahoo.com,F,20,East Kaylaview
7,David Moore,cbuckley@stephens.com,M,23,Alberttown
8,Mark Nichols,sarahnunez@hotmail.com,M,32,South Laurenshire
9,Jose Jones,ireid@velez.net,M,53,Elizabethchester
10,Sheila Baker,brucedavis@ford-padilla.com,M,59,West Melissamouth
11,David Williams,debbie25@taylor-porter.net,F,32,Danielstad
12,Katie Flores,manderson@gmail.com,F,55,Williamberg
13,Aaron Stewart,howardjuan@hotmail.com,F,18,South Robert
14,Luis Sanchez,dakota78@lawson.com,M,45,Billland
15,Kevin Grant,michaelburton@hotmail.com,F,35,Karenview
16,Ronald Duncan,caldwellsarah@white.com,M,31,Aaronside
17,Devin Richmond,jessicawilliams@yahoo.com,F,24,South Justin
18,Cameron King,jennahorton@juarez-moore.com,M,42,Kimborough
19,Roberto Weaver,dwalker@mcdaniel-gaines.com,M,40,Claytonfurt
20,John Hunt,upotts@hotmail.com,F,56,Annaborough
21,Colin Stone,nmatthews@hughes.com,F,20,Michaelborough
22,Gregory White Jr.,xmiller@gmail.com,F,52,West Julie
23,Patrick Scott DDS,daniellee@ferrell.com,M,42,Davidmouth
24,Benjamin Oconnor,woodjodi@hotmail.com,M,53,Kaitlyntown
25,Gabriel Clark,matthewritter@gmail.com,F,58,North Davidburgh
26,Robert Velez,lkelley@gmail.com,F,54,New Loganstad
27,Omar Davis,vaughanbrandon@gmail.com,M,22,East Kevinfurt
28,John Jones,charles63@hotmail.com,M,60,Smithview
29,Terry Ayala,kelly73@gmail.com,M,36,Mitchellport
30,Connie Johnson,vharris@sawyer.com,M,32,North Tylerstad
31,Danielle Reese,phickman@martin-booth.com,M,42,Bryantside
32,Angela Jenkins,eric99@hawkins.com,F,47,Port Cody
33,Matthew Lopez,reeddavid@owens.com,F,28,East Haley
34,Donna Novak,donna23@gmail.com,F,40,Figueroashire
35,Angela Lee,kharris@hotmail.com,M,60,Esteston
36,Peter Taylor,jason46@larson.com,F,59,Clarketown
37,Joanne Rivera,terrence67@lewis-fox.com,M,56,Morganstad
38,Thomas Blake,nkent@brown-daniels.org,M,52,Turnerfort
39,Angela Graham,wjensen@yahoo.com,M,28,East Christinafort
40,Paul Brewer,gilessteven@gmail.com,F,42,East Sethview
41,Kathleen Tyler,jjones@jarvis-ball.com,F,58,East Kimberlyland
42,Craig Miller,davidlane@yahoo.com,M,38,Saraview
43,Ronald Singh,xdouglas@gmail.com,M,32,Nicholston
44,Melissa Moreno,alexdavis@yahoo.com,M,38,Santosmouth
45,David Perez,bensoncurtis@vega.biz,F,35,East Christinefort
46,Alexander Mendez,rmiller@ryan.info,M,31,East Dawn
47,Cheryl Bryant,murphyadam@mcdaniel.com,F,31,Port Emilyhaven
48,Tammy Ochoa,rodrigueznancy@gmail.com,F,43,South Dawnview
49,Patrick Wright,chavezmark@hotmail.com,F,27,East Edward
50,Judy Byrd,christopher68@yahoo.com,F,26,Christopherview
51,Jill Cain,brian48@hoffman.com,M,53,Sherrishire
52,Brian Miller,cblack@hotmail.com,F,55,Lake Robert
53,Elizabeth Weiss,matthew52@powell.org,F,55,South Michelle
54,Joshua Nguyen,dalexander@hill-nichols.info,F,41,Jonathonchester
55,Stacy Shea,sweeneymichael@jensen.com,M,26,Lake Stevenshire
56,Jonathan Moore,justingarcia@yahoo.com,F,23,Grimesside
57,Katherine Yang,hernandezrobert@yahoo.com,M,25,North Michellebury
58,George Simmons,williamssamantha@gmail.com,M,58,Stevenmouth
59,David Greer,matthewhayes@gmail.com,M,45,North Danielmouth
60,Kevin Bailey,yatesangela@olson.com,M,42,New Jessicaland
61,Samuel Gonzalez,davidvazquez@hotmail.com,F,56,New Michael
62,Carrie Black,rittergary@harrison-edwards.com,F,51,Pattersonview
63,Samuel Edwards,ejackson@yahoo.com,F,53,East Kimberly
64,Mrs. Emma Cook DVM,matthew36@gmail.com,M,25,Port Shannonchester
65,Dalton Arnold,brenda66@hotmail.com,F,59,North Sandy
66,Larry Mccoy,kendramadden@hotmail.com,F,25,Smithberg
67,Wayne Lopez,michaelkhan@hotmail.com,F,45,Leslieburgh
68,Mary Brown,jennifer79@yahoo.com,M,47,North Christine
69,Judith Bowman,sarah30@yahoo.com,M,34,Robinsonberg
70,Daniel Singleton,amandamcclure@boyd.com,M,50,Greenstad
71,Jorge Parker,clarkgregory@villanueva.com,M,58,Jillbury
72,Megan Jordan,joseweeks@hotmail.com,F,58,Port Carrieport
73,Maria Carr,cindy39@long-wu.com,M,27,Lake Anthony
74,Brittany Pratt,kjackson@stevens.com,F,28,Smithshire
75,George Gentry,znichols@gmail.com,M,56,North Mark
76,Natasha Rodriguez,aschroeder@hill.com,F,49,Port Paula
77,Michael Moreno,orodriguez@yahoo.com,M,25,Dawnbury
78,Sierra Krause,eric77@gmail.com,F,37,North Adamport
79,Lisa Leblanc,kelly33@hoffman-johnson.net,M,21,Millerbury
80,Laura Miller,parkstracy@wood.com,M,54,East Amandaview
81,Miguel Baker,gouldjessica@hotmail.com,M,23,Kellyburgh
82,Curtis Smith Jr.,kennethdiaz@wright-ramsey.net,F,22,East John
83,Kim Jones,pjenkins@yahoo.com,M,26,Garrisonchester
84,Debbie Juarez,gutierrezlarry@lee-reed.com,F,53,Joseton
85,Meredith Jenkins,beth24@ray.com,M,34,Port Julieville
86,Sherry Bowman,mary34@gmail.com,F,31,Popeton
87,Kendra Pitts,jessica74@bailey-hall.org,M,37,Johnmouth
88,Thomas Anderson,rromero@harris-kelley.com,F,60,North Michele
89,Ann Hoffman,ryan85@schaefer.com,F,46,New Yvonne
90,Charles Gray,andersonmeredith@perez.com,F,25,South David
91,Sarah Johnson,randylewis@webb-lewis.com,M,32,West Steven
92,Elizabeth Young,lho@gmail.com,M,39,Kristaport
93,Catherine Baker,crystal40@cook.com,M,55,North Rebeccaside
94,Brendan Austin,christine13@gmail.com,M,55,South Jeffrey
95,Thomas Archer,mcarpenter@yahoo.com,M,18,Randallberg
96,Alexander Lane,kelly47@hotmail.com,M,58,East Isabella
97,Deborah Olson,mitchell48@wood-horn.com,M,32,Davidmouth
98,Jason Boyd,lori21@perez.com,M,20,Lake Saraborough
99,Brenda Morton,jamesrowe@bennett.com,F,22,Katelynton
100,Kimberly Wilson,hallnicole@cruz.com,M,35,Lake Williamstad
101,Jerome Anderson,janetwalsh@lowe-mejia.com,F,31,Port Maryburgh
102,David Smith,brightandrew@gmail.com,M,54,South Michael
103,Tamara Hughes,kimberlytyler@brooks.org,F,33,Claudiatown
104,Michael Mckenzie,meganchavez@daugherty.info,F,44,Greenport
105,Ricky Bailey,micheal85@hotmail.com,M,24,South Gerald
106,Justin Kemp,gomezleslie@yahoo.com,M,60,Lake Franklin
107,Angela Collins,tbrown@horn.com,F,40,Gabriellaburgh
108,Anthony Kelley,rachelrobinson@hotmail.com,F,44,Careyburgh
109,Leslie Anthony,nicole11@gmail.com,F,21,Port Juan
110,Nicholas Strickland,wellschristopher@hotmail.com,M,21,East Amanda
111,Sarah Keller,angelagarcia@freeman.com,F,39,Lake Davidport
112,Francis Parks,leblancamber@robbins.com,M,33,Tarafort
113,Kim Sanchez,cisnerosjonathan@peters.org,M,30,Hatfieldside
114,Kelsey Carr,william92@stewart-hall.com,F,26,Jamesburgh
115,Christopher Kelley,qdavis@burch.info,F,29,West Ericburgh
116,Angela Elliott,christophersingleton@kramer-brown.org,F,47,New Ryan
117,Kendra Nichols,rothvanessa@gmail.com,M,22,North Kathleen
118,Jeffrey Gallagher,ericvaughan@gmail.com,F,53,South Anthony
119,Penny Johnson,hartthomas@yahoo.com,M,21,Lake John
120,Gina White,michael97@kim.com,M,23,Billstad
121,Monica Cruz,uwheeler@gmail.com,M,28,Port Annafort
122,Lindsay Davila,fordangela@yahoo.com,F,49,North Kevin
123,Mary Brown,sarahyoung@gmail.com,F,31,South Jasonside
124,Robin Barton,mcarson@gmail.com,F,21,Toddborough
125,Colin Smith,alexandra77@hotmail.com,M,42,Port Scott
126,Kathy Harvey,ronniegriffin@gmail.com,M,42,Colemanmouth
127,Paula Molina,stephencollins@clark.info,F,47,Francisbury
128,Jordan Roberts,victor08@lee.biz,F,45,East Jennifer
129,Courtney Waller MD,taylormichael@smith-sanchez.com,F,27,New Anthony
130,Melissa Brown,perezthomas@roberts.org,M,36,North Denise
131,Melissa Johnston,maurice01@yahoo.com,M,21,Johnsonland
132,Jessica Cantrell,hartamy@morgan.biz,M,38,Gonzalezton
133,Julie Lee,garrisonroy@gmail.com,M,21,Robertmouth
134,James Conner,johnmartinez@yahoo.com,F,50,South Luketown
135,James Villa,daniellewest@yahoo.com,M,21,Jennifermouth
136,Bruce Ayers,bensonrobert@yahoo.com,M,29,Lake Teresa
137,Dr. Carolyn Landry,markstein@hotmail.com,M,56,Danabury
138,Tracy Holder,kgonzalez@davidson.com,M,33,Haasmouth
139,Jennifer Ortiz,yklein@gmail.com,F,25,Blackstad
140,Mr. David Higgins,katrinahill@hotmail.com,M,55,Griffithchester
141,Alexis Griffith,mmccoy@arnold.com,M,57,South Allisonside
142,Christopher Crawford,beverlybarton@kennedy-mccarthy.com,M,44,Fishertown
143,Melissa Castro,weeksbrenda@yahoo.com,F,34,Alvaradoton
144,Joshua Hammond,joshua44@martinez.info,M,60,Randallchester
145,Erin Miller,brandon05@reyes.org,F,33,East John
146,Andrew Duncan,carltorres@gmail.com,F,43,West Michelle
147,James Petty,mckinneymark@mendoza-perez.com,M,60,Oconnorview
148,Joseph Newton,efoster@gmail.com,F,47,New Lorifort
149,Cheyenne Williams,welchdouglas@hotmail.com,F,22,South Rachelberg
150,Jeremy Henderson,whitedana@reyes.com,M,47,Phillipfurt
151,Mr. Austin Morgan,nevans@gmail.com,M,22,West Donaldtown
152,Nicole Thomas,jennifer86@williams.net,M,50,Carlosberg
153,Craig Wiggins,thomas74@gmail.com,F,26,Davidview
154,David Shah,christopherfuller@parker.com,F,22,Lorifort
155,Kristen Thompson DVM,wangjake@yahoo.com,M,41,Mikaylaburgh
156,Corey Marks,jperez@krause-hall.org,F,28,West Karina
157,Scott Finley,wilsondavid@gmail.com,F,52,New Jacqueline
158,Melissa Parker,shawnramos@barnes-contreras.com,F,57,North Jeremiahside
159,Tracey Gonzalez,corycoleman@diaz.info,M,60,Deanland
160,Brian Cook,omartin@hotmail.com,F,60,North Ronaldmouth
161,Robert Mccarthy,smithjames@hotmail.com,M,26,Michaelside
162,Joseph Hunter,yoderlarry@hotmail.com,F,25,Lake Stephanie
163,Lynn Clark,christopherphillips@gmail.com,M,53,Brownfurt
164,Kristin Nielsen,dsanders@hotmail.com,M,35,Whitemouth
165,Adam Smith,benjaminann@ellis-alexander.net,F,56,Nancymouth
166,Donna Hale,cmiller@jackson.info,M,39,West Jasonmouth
167,Charles Conner,danielle37@gmail.com,M,58,Mckinneyside
168,Stacy Avery,hurleystephanie@davis.net,F,50,Whiteville
169,Dean Gilmore,reidchad@gmail.com,F,34,West Gail
170,Patrick Chapman,lberry@lopez-scott.com,M,23,Christopherland
171,Samuel House,butlerdana@patel.biz,F,35,South Pamela
172,Richard Ramos,donaldkennedy@gmail.com,M,18,Charlesborough
173,Tiffany Reeves,kenneth47@gmail.com,F,26,Perezborough
174,Nicholas Bates,morrowcassandra@spencer-smith.com,F,28,Hatfieldview
175,Ronald Serrano,gabriella58@jones.info,F,53,Leefurt
176,Vanessa Jones,ufletcher@massey.com,F,53,Rachaelview
177,Aaron Williams,williamsawyer@ward.com,M,25,Olsenview
178,Robert Schwartz,walkerann@foster-wilson.com,M,27,Vargaschester
179,Sarah Gould,paulryan@gmail.com,M,41,Tiffanyland
180,Antonio Moore,yangjessica@hotmail.com,M,45,West Sheri
181,Gary Johnson,kking@yahoo.com,M,20,South Pamela
182,Thomas Hale,melissa57@watson.com,F,41,Jillmouth
183,Matthew Walker,brandon29@peterson.com,M,40,Port Dakotachester
184,Jason Henry,maydustin@campbell-mccarthy.com,M,33,Jeanfurt
185,John Becker,baileychang@hotmail.com,M,40,Theresastad
186,Stephen Gallegos,haley58@yahoo.com,F,57,Lake Jasmineborough
187,Carlos Goodwin,penaalexandria@walker.com,M,33,Pearsonview
188,Olivia Howard,kgarrison@gmail.com,M,29,Boydview
189,Oscar Leonard,shannon32@herrera-nolan.com,F,19,Lake Allisonland
190,Maria Smith,dtyler@hotmail.com,M,39,Port Robert
191,Michael French,stephaniemeyers@smith-parsons.com,F,60,South Shane
192,Alexandra Larson,zhatfield@james.com,M,35,East William
193,Yolanda Carpenter,xwilson@yahoo.com,M,24,Lisaberg
194,Laura Long,jessica13@jones.com,F,20,South Audreymouth
195,Nicole Salas,howelljames@merritt.com,F,32,Castrochester
196,Marie Sparks,ryanhopkins@fuller.info,M,47,North Samuel
197,Olivia Vincent,fullercameron@whitney.biz,F,37,Samuelland
198,Margaret Anderson,timothy06@hotmail.com,M,32,Lake Jorge
199,Roy Nolan,courtneymartin@grant-mcclain.com,M,60,Port Nicholas
200,Sherri Rogers,fsutton@hotmail.com,M,43,Kentborough
